Queries,,Response
Who are the top mobile commerce optimization platforms?,,
What are the best affiliate commerce platforms for ecommerce brands?,,
Which companies help retailers improve mobile app conversion?,,
Who are the major players in mobile deep linking for ecommerce?,,
What are the top platforms for affiliate marketing attribution?,,
Which companies help brands track creator-driven sales?,,
What are the best tools for creator commerce programs?,,
Who are the biggest companies in affiliate marketing software?,,
Which platforms help publishers monetize commerce content?,,
What are the top companies for retail media attribution?,,
Which companies help ecommerce brands route shoppers into apps?,,
What are the best platforms for managing affiliate links?,,
Who are the leading companies in social commerce attribution?,,
Which tools help creators make money from product links?,,
What are the best Amazon affiliate link tools for creators?,,
Which companies help publishers increase affiliate revenue?,,
What platforms should a retailer use to improve mobile shopping conversion?,,
Who are the main competitors in mobile attribution and deep linking?,,
Which companies help brands optimize post-click shopping journeys?,,
What are the best alternatives to traditional affiliate networks?,,
Which platforms help brands run creator marketing partnerships?,,
Who are the top players in publisher commerce monetization?,,
What companies help track revenue from influencer links?,,
Which tools are best for ecommerce affiliate attribution?,,
"What platforms help brands connect affiliate, creator, and retail media programs?",,
Which companies help retailers drive more app installs from commerce traffic?,,
Who are the top companies in mobile performance marketing?,,
What are the best platforms for app-to-app commerce linking?,,
Which companies help brands measure sales from social commerce traffic?,,
What are the top tools for brands trying to improve mobile affiliate conversion?,,
Who are the top mobile commerce optimization platforms?,,
What are the best affiliate commerce platforms for ecommerce brands?,,
Which companies help retailers improve mobile app conversion?,,
Who are the major players in mobile deep linking for ecommerce?,,
What are the top platforms for affiliate marketing attribution?,,
Which companies help brands track creator-driven sales?,,
What are the best tools for creator commerce programs?,,
Who are the biggest companies in affiliate marketing software?,,
Which platforms help publishers monetize commerce content?,,
What are the top companies for retail media attribution?,,
Which companies help ecommerce brands route shoppers into apps?,,
What are the best platforms for managing affiliate links?,,
Who are the leading companies in social commerce attribution?,,
Which tools help creators make money from product links?,,
What are the best Amazon affiliate link tools for creators?,,
Which companies help publishers increase affiliate revenue?,,
What platforms should a retailer use to improve mobile shopping conversion?,,
Who are the main competitors in mobile attribution and deep linking?,,
Which companies help brands optimize post-click shopping journeys?,,
What are the best alternatives to traditional affiliate networks?,,
Which platforms help brands run creator marketing partnerships?,,
Who are the top players in publisher commerce monetization?,,
What companies help track revenue from influencer links?,,
Which tools are best for ecommerce affiliate attribution?,,
"What platforms help brands connect affiliate, creator, and retail media programs?",,
Which companies help retailers drive more app installs from commerce traffic?,,
Who are the top companies in mobile performance marketing?,,
What are the best platforms for app-to-app commerce linking?,,
Which companies help brands measure sales from social commerce traffic?,,
What are the top tools for brands trying to improve mobile affiliate conversion?,,
Who are the top mobile commerce optimization platforms?,,
What are the best affiliate commerce platforms for ecommerce brands?,,
Which companies help retailers improve mobile app conversion?,,
Who are the major players in mobile deep linking for ecommerce?,,
What are the top platforms for affiliate marketing attribution?,,
Which companies help brands track creator-driven sales?,,
What are the best tools for creator commerce programs?,,
Who are the biggest companies in affiliate marketing software?,,
Which platforms help publishers monetize commerce content?,,
What are the top companies for retail media attribution?,,
Which companies help ecommerce brands route shoppers into apps?,,
What are the best platforms for managing affiliate links?,,
Who are the leading companies in social commerce attribution?,,
Which tools help creators make money from product links?,,
What are the best Amazon affiliate link tools for creators?,,
Which companies help publishers increase affiliate revenue?,,
What platforms should a retailer use to improve mobile shopping conversion?,,
Who are the main competitors in mobile attribution and deep linking?,,
Which companies help brands optimize post-click shopping journeys?,,
What are the best alternatives to traditional affiliate networks?,,
Which platforms help brands run creator marketing partnerships?,,
Who are the top players in publisher commerce monetization?,,
What companies help track revenue from influencer links?,,
Which tools are best for ecommerce affiliate attribution?,,
"What platforms help brands connect affiliate, creator, and retail media programs?",,
Which companies help retailers drive more app installs from commerce traffic?,,
Who are the top companies in mobile performance marketing?,,
What are the best platforms for app-to-app commerce linking?,,
Which companies help brands measure sales from social commerce traffic?,,
What are the top tools for brands trying to improve mobile affiliate conversion?,,
Who are the top mobile commerce optimization platforms?,,
What are the best affiliate commerce platforms for ecommerce brands?,,
Which companies help retailers improve mobile app conversion?,,
Who are the major players in mobile deep linking for ecommerce?,,
What are the top platforms for affiliate marketing attribution?,,
Which companies help brands track creator-driven sales?,,
What are the best tools for creator commerce programs?,,
Who are the biggest companies in affiliate marketing software?,,
Which platforms help publishers monetize commerce content?,,
What are the top companies for retail media attribution?,,
Which companies help ecommerce brands route shoppers into apps?,,
What are the best platforms for managing affiliate links?,,
Who are the leading companies in social commerce attribution?,,
Which tools help creators make money from product links?,,
What are the best Amazon affiliate link tools for creators?,,
Which companies help publishers increase affiliate revenue?,,
What platforms should a retailer use to improve mobile shopping conversion?,,
Who are the main competitors in mobile attribution and deep linking?,,
Which companies help brands optimize post-click shopping journeys?,,
What are the best alternatives to traditional affiliate networks?,,
Which platforms help brands run creator marketing partnerships?,,
Who are the top players in publisher commerce monetization?,,
What companies help track revenue from influencer links?,,
Which tools are best for ecommerce affiliate attribution?,,
"What platforms help brands connect affiliate, creator, and retail media programs?",,
Which companies help retailers drive more app installs from commerce traffic?,,
Who are the top companies in mobile performance marketing?,,
What are the best platforms for app-to-app commerce linking?,,
Which companies help brands measure sales from social commerce traffic?,,
What are the top tools for brands trying to improve mobile affiliate conversion?,,